<?xml version='1.0' encoding='UTF-8'?>
<types:mule xmlns:types="http://www.mulesoft.org/schema/mule/types">
  <types:catalog>
    <types:type name="auto_c98e7584-6896-44fe-ba46-2ed7565fdc9c_Output-Attributes" format="java">
      <types:shape format="weave" example="weave/autogenerated/c98e7584-6896-44fe-ba46-2ed7565fdc9c/Output-Attributes.wev" autogeneratedOrigin="0a9756e7-70c9-426d-b473-d35c302ee33d"><![CDATA[%dw 2.0

type auto_c98e7584_6896_44fe_ba46_2ed7565fdc9c_Output_Attributes = Null

]]></types:shape>
    </types:type>
    <types:type name="auto_c98e7584-6896-44fe-ba46-2ed7565fdc9c_Output-Variables-newName" format="java">
      <types:shape format="weave" example="weave/autogenerated/c98e7584-6896-44fe-ba46-2ed7565fdc9c/Output-Variables-newName.wev" autogeneratedOrigin="0a9756e7-70c9-426d-b473-d35c302ee33d"><![CDATA[%dw 2.0

type auto_c98e7584_6896_44fe_ba46_2ed7565fdc9c_Output_Variables_newName = Any

]]></types:shape>
    </types:type>
    <types:type name="auto_c98e7584-6896-44fe-ba46-2ed7565fdc9c_Output-Variables-httpStatus" format="java">
      <types:shape format="raml" autogeneratedOrigin="0a9756e7-70c9-426d-b473-d35c302ee33d"><![CDATA[#%RAML 1.0 DataType
type: string]]></types:shape>
    </types:type>
    <types:type name="auto_c98e7584-6896-44fe-ba46-2ed7565fdc9c_Output-Payload" format="json">
      <types:shape format="weave" example="weave/autogenerated/c98e7584-6896-44fe-ba46-2ed7565fdc9c/Output-Payload.wev" autogeneratedOrigin="0a9756e7-70c9-426d-b473-d35c302ee33d"><![CDATA[%dw 2.0

type auto_c98e7584_6896_44fe_ba46_2ed7565fdc9c_Output_Payload = {| Mensagem: String |}

]]></types:shape>
    </types:type>
    <types:type name="auto_f9e1a816-ab40-4863-b325-5e4f74bcb2d7_Output-Payload" format="json">
      <types:shape format="weave" example="weave/autogenerated/f9e1a816-ab40-4863-b325-5e4f74bcb2d7/Output-Payload.wev" autogeneratedOrigin="095dd07e-bd92-455f-be33-bae750ca2668"><![CDATA[%dw 2.0

type auto_f9e1a816_ab40_4863_b325_5e4f74bcb2d7_Output_Payload = Array<{|  "Numero da conta": Number,   Nome: String|}>

]]></types:shape>
    </types:type>
    <types:type name="auto_f9e1a816-ab40-4863-b325-5e4f74bcb2d7_Output-Attributes" format="java">
      <types:shape format="weave" example="weave/autogenerated/f9e1a816-ab40-4863-b325-5e4f74bcb2d7/Output-Attributes.wev" autogeneratedOrigin="095dd07e-bd92-455f-be33-bae750ca2668"><![CDATA[%dw 2.0

type auto_f9e1a816_ab40_4863_b325_5e4f74bcb2d7_Output_Attributes = Null

]]></types:shape>
    </types:type>
    <types:type name="auto_82b8bd5f-6387-4dcb-8084-3b3bd462aa10_Input-Payload" format="json">
      <types:shape format="weave" example="weave/autogenerated/82b8bd5f-6387-4dcb-8084-3b3bd462aa10/Input-Payload.wev" autogeneratedOrigin="f0384227-82b0-497e-9ae2-0a1fe2fa0d82"><![CDATA[%dw 2.0

type auto_82b8bd5f_6387_4dcb_8084_3b3bd462aa10_Input_Payload = {
  accountId: String, 
  amount: Number, 
  "type": String, 
  transactionId: String, 
  dateTransaction: String, 
  _?: Any
}

]]></types:shape>
    </types:type>
    <types:type name="auto_82b8bd5f-6387-4dcb-8084-3b3bd462aa10_Input-Attributes" format="java">
      <types:shape format="weave" example="weave/autogenerated/82b8bd5f-6387-4dcb-8084-3b3bd462aa10/Input-Attributes.wev" autogeneratedOrigin="f0384227-82b0-497e-9ae2-0a1fe2fa0d82"><![CDATA[%dw 2.0

type auto_82b8bd5f_6387_4dcb_8084_3b3bd462aa10_Input_Attributes = {|
  clientCertificate?: {|
    publicKey?: {|  |}, 
    "type"?: String, 
    encoded?: Binary
  |}, 
  headers: {|  |}, 
  listenerPath: String, 
  method: String, 
  queryParams: {|  |}, 
  queryString: String, 
  relativePath: String, 
  remoteAddress: String, 
  requestPath: String, 
  requestUri: String, 
  scheme: String, 
  uriParams: {| account_number: String |}, 
  version: String, 
  localAddress: String
|}

]]></types:shape>
    </types:type>
    <types:type name="auto_82b8bd5f-6387-4dcb-8084-3b3bd462aa10_Input-Variables-account_number" format="java">
      <types:shape format="raml" autogeneratedOrigin="f0384227-82b0-497e-9ae2-0a1fe2fa0d82"><![CDATA[#%RAML 1.0 DataType
type: string]]></types:shape>
    </types:type>
    <types:type name="auto_82b8bd5f-6387-4dcb-8084-3b3bd462aa10_Input-Variables-outboundHeaders" format="java">
      <types:shape format="weave" example="weave/autogenerated/82b8bd5f-6387-4dcb-8084-3b3bd462aa10/Input-Variables-outboundHeaders.wev" autogeneratedOrigin="f0384227-82b0-497e-9ae2-0a1fe2fa0d82"><![CDATA[%dw 2.0

type auto_82b8bd5f_6387_4dcb_8084_3b3bd462aa10_Input_Variables_outboundHeaders = {|  |}

]]></types:shape>
    </types:type>
    <types:type name="auto_82b8bd5f-6387-4dcb-8084-3b3bd462aa10_Input-Variables-httpStatus" format="java">
      <types:shape format="raml" autogeneratedOrigin="f0384227-82b0-497e-9ae2-0a1fe2fa0d82"><![CDATA[#%RAML 1.0 DataType
type: string]]></types:shape>
    </types:type>
    <types:type name="auto_82b8bd5f-6387-4dcb-8084-3b3bd462aa10_Input-Variables-depositValue" format="json">
      <types:shape format="weave" example="weave/autogenerated/82b8bd5f-6387-4dcb-8084-3b3bd462aa10/Input-Variables-depositValue.wev" autogeneratedOrigin="f0384227-82b0-497e-9ae2-0a1fe2fa0d82"><![CDATA[%dw 2.0

type auto_82b8bd5f_6387_4dcb_8084_3b3bd462aa10_Input_Variables_depositValue = Number

]]></types:shape>
    </types:type>
    <types:type name="auto_82b8bd5f-6387-4dcb-8084-3b3bd462aa10_Output-Payload" format="json">
      <types:shape format="weave" example="weave/autogenerated/82b8bd5f-6387-4dcb-8084-3b3bd462aa10/Output-Payload.wev" autogeneratedOrigin="f0384227-82b0-497e-9ae2-0a1fe2fa0d82"><![CDATA[%dw 2.0

type auto_82b8bd5f_6387_4dcb_8084_3b3bd462aa10_Output_Payload = {
  accountId: String, 
  amount: Number, 
  "type": String, 
  transactionId: String, 
  dateTransaction: String, 
  _?: Any
}

]]></types:shape>
    </types:type>
    <types:type name="auto_82b8bd5f-6387-4dcb-8084-3b3bd462aa10_Output-Attributes" format="java">
      <types:shape format="weave" example="weave/autogenerated/82b8bd5f-6387-4dcb-8084-3b3bd462aa10/Output-Attributes.wev" autogeneratedOrigin="f0384227-82b0-497e-9ae2-0a1fe2fa0d82"><![CDATA[%dw 2.0

type auto_82b8bd5f_6387_4dcb_8084_3b3bd462aa10_Output_Attributes = {|
  clientCertificate?: {|
    publicKey?: {|  |}, 
    "type"?: String, 
    encoded?: Binary
  |}, 
  headers: {|  |}, 
  listenerPath: String, 
  method: String, 
  queryParams: {|  |}, 
  queryString: String, 
  relativePath: String, 
  remoteAddress: String, 
  requestPath: String, 
  requestUri: String, 
  scheme: String, 
  uriParams: {| account_number: String |}, 
  version: String, 
  localAddress: String
|}

]]></types:shape>
    </types:type>
    <types:type name="auto_82b8bd5f-6387-4dcb-8084-3b3bd462aa10_Output-Variables-accountId" format="java">
      <types:shape format="weave" example="weave/autogenerated/82b8bd5f-6387-4dcb-8084-3b3bd462aa10/Output-Variables-accountId.wev" autogeneratedOrigin="f0384227-82b0-497e-9ae2-0a1fe2fa0d82"><![CDATA[%dw 2.0

type auto_82b8bd5f_6387_4dcb_8084_3b3bd462aa10_Output_Variables_accountId = Any

]]></types:shape>
    </types:type>
    <types:type name="auto_82b8bd5f-6387-4dcb-8084-3b3bd462aa10_Output-Variables-account_number" format="java">
      <types:shape format="raml" autogeneratedOrigin="f0384227-82b0-497e-9ae2-0a1fe2fa0d82"><![CDATA[#%RAML 1.0 DataType
type: string]]></types:shape>
    </types:type>
    <types:type name="auto_82b8bd5f-6387-4dcb-8084-3b3bd462aa10_Output-Variables-outboundHeaders" format="java">
      <types:shape format="weave" example="weave/autogenerated/82b8bd5f-6387-4dcb-8084-3b3bd462aa10/Output-Variables-outboundHeaders.wev" autogeneratedOrigin="f0384227-82b0-497e-9ae2-0a1fe2fa0d82"><![CDATA[%dw 2.0

type auto_82b8bd5f_6387_4dcb_8084_3b3bd462aa10_Output_Variables_outboundHeaders = {|  |}

]]></types:shape>
    </types:type>
    <types:type name="auto_82b8bd5f-6387-4dcb-8084-3b3bd462aa10_Output-Variables-transactionSuccess" format="java">
      <types:shape format="raml" autogeneratedOrigin="f0384227-82b0-497e-9ae2-0a1fe2fa0d82"><![CDATA[#%RAML 1.0 DataType
type: boolean]]></types:shape>
    </types:type>
    <types:type name="auto_82b8bd5f-6387-4dcb-8084-3b3bd462aa10_Output-Variables-httpStatus" format="java">
      <types:shape format="raml" autogeneratedOrigin="f0384227-82b0-497e-9ae2-0a1fe2fa0d82"><![CDATA[#%RAML 1.0 DataType
type: string]]></types:shape>
    </types:type>
    <types:type name="auto_82b8bd5f-6387-4dcb-8084-3b3bd462aa10_Output-Variables-depositValue" format="json">
      <types:shape format="weave" example="weave/autogenerated/82b8bd5f-6387-4dcb-8084-3b3bd462aa10/Output-Variables-depositValue.wev" autogeneratedOrigin="f0384227-82b0-497e-9ae2-0a1fe2fa0d82"><![CDATA[%dw 2.0

type auto_82b8bd5f_6387_4dcb_8084_3b3bd462aa10_Output_Variables_depositValue = Number

]]></types:shape>
    </types:type>
    <types:type name="auto_0bd37e07-d594-4fda-9f46-c38909bb449f_Output-Payload" format="json">
      <types:shape format="weave" example="weave/autogenerated/0bd37e07-d594-4fda-9f46-c38909bb449f/Output-Payload.wev" autogeneratedOrigin="9a35bb56-9721-457f-b792-2e01e57f2e8d"><![CDATA[%dw 2.0

type auto_0bd37e07_d594_4fda_9f46_c38909bb449f_Output_Payload = Array<{|  Data: String {"format": "dd-MM-yyyy"},   Horas: String {"format": "HH:mm:ss"},   "Numero da conta": Number,   Nome: String,   Saldo: Number | Null|}>

]]></types:shape>
    </types:type>
    <types:type name="auto_0bd37e07-d594-4fda-9f46-c38909bb449f_Output-Attributes" format="java">
      <types:shape format="weave" example="weave/autogenerated/0bd37e07-d594-4fda-9f46-c38909bb449f/Output-Attributes.wev" autogeneratedOrigin="9a35bb56-9721-457f-b792-2e01e57f2e8d"><![CDATA[%dw 2.0

type auto_0bd37e07_d594_4fda_9f46_c38909bb449f_Output_Attributes = Null

]]></types:shape>
    </types:type>
    <types:type name="auto_0bd37e07-d594-4fda-9f46-c38909bb449f_Output-Variables-getBalance" format="java">
      <types:shape format="raml" autogeneratedOrigin="9a35bb56-9721-457f-b792-2e01e57f2e8d"><![CDATA[#%RAML 1.0 DataType
type: string]]></types:shape>
    </types:type>
    <types:type name="auto_f7cbdc5c-dea4-41dc-b4e2-9c60e2fec253_Input-Payload" format="java">
      <types:shape format="weave" example="weave/autogenerated/f7cbdc5c-dea4-41dc-b4e2-9c60e2fec253/Input-Payload.wev" autogeneratedOrigin="c0607100-f0c1-40e9-ab95-cda6e00b767c"><![CDATA[%dw 2.0

type auto_f7cbdc5c_dea4_41dc_b4e2_9c60e2fec253_Input_Payload = Array<{| account_id: Number |}>

]]></types:shape>
    </types:type>
    <types:type name="auto_f7cbdc5c-dea4-41dc-b4e2-9c60e2fec253_Input-Attributes" format="java">
      <types:shape format="weave" example="weave/autogenerated/f7cbdc5c-dea4-41dc-b4e2-9c60e2fec253/Input-Attributes.wev" autogeneratedOrigin="c0607100-f0c1-40e9-ab95-cda6e00b767c"><![CDATA[%dw 2.0

type auto_f7cbdc5c_dea4_41dc_b4e2_9c60e2fec253_Input_Attributes = Null

]]></types:shape>
    </types:type>
    <types:type name="auto_f7cbdc5c-dea4-41dc-b4e2-9c60e2fec253_Input-Variables-accountId" format="java">
      <types:shape format="raml" autogeneratedOrigin="c0607100-f0c1-40e9-ab95-cda6e00b767c"><![CDATA[#%RAML 1.0 DataType
type: number]]></types:shape>
    </types:type>
    <types:type name="auto_f7cbdc5c-dea4-41dc-b4e2-9c60e2fec253_Output-Payload" format="java">
      <types:shape format="weave" example="weave/autogenerated/f7cbdc5c-dea4-41dc-b4e2-9c60e2fec253/Output-Payload.wev" autogeneratedOrigin="c0607100-f0c1-40e9-ab95-cda6e00b767c"><![CDATA[%dw 2.0

type auto_f7cbdc5c_dea4_41dc_b4e2_9c60e2fec253_Output_Payload = {|
  affectedRows?: Number, 
  generatedKeys?: { _?: Number }
|} {"typeAlias": "StatementResult",
"typeId": "org.mule.extension.db.api.StatementResult"}

]]></types:shape>
    </types:type>
    <types:type name="auto_f7cbdc5c-dea4-41dc-b4e2-9c60e2fec253_Output-Attributes" format="java">
      <types:shape format="weave" example="weave/autogenerated/f7cbdc5c-dea4-41dc-b4e2-9c60e2fec253/Output-Attributes.wev" autogeneratedOrigin="c0607100-f0c1-40e9-ab95-cda6e00b767c"><![CDATA[%dw 2.0

type auto_f7cbdc5c_dea4_41dc_b4e2_9c60e2fec253_Output_Attributes = Null

]]></types:shape>
    </types:type>
    <types:type name="auto_f7cbdc5c-dea4-41dc-b4e2-9c60e2fec253_Output-Variables-accountId" format="java">
      <types:shape format="raml" autogeneratedOrigin="c0607100-f0c1-40e9-ab95-cda6e00b767c"><![CDATA[#%RAML 1.0 DataType
type: number]]></types:shape>
    </types:type>
    <types:type name="auto_ef69aed8-e7b6-4a93-a98d-48ff7e6ba8f4_Output-Payload" format="java">
      <types:shape format="weave" example="weave/autogenerated/ef69aed8-e7b6-4a93-a98d-48ff7e6ba8f4/Output-Payload.wev" autogeneratedOrigin="e47b7078-3788-42b5-8440-f3f5a80a01be"><![CDATA[%dw 2.0

type auto_ef69aed8_e7b6_4a93_a98d_48ff7e6ba8f4_Output_Payload = {|
  affectedRows?: Number, 
  generatedKeys?: { _?: Number }
|} {"typeAlias": "StatementResult",
"typeId": "org.mule.extension.db.api.StatementResult"}

]]></types:shape>
    </types:type>
    <types:type name="auto_ef69aed8-e7b6-4a93-a98d-48ff7e6ba8f4_Output-Attributes" format="java">
      <types:shape format="weave" example="weave/autogenerated/ef69aed8-e7b6-4a93-a98d-48ff7e6ba8f4/Output-Attributes.wev" autogeneratedOrigin="e47b7078-3788-42b5-8440-f3f5a80a01be"><![CDATA[%dw 2.0

type auto_ef69aed8_e7b6_4a93_a98d_48ff7e6ba8f4_Output_Attributes = Null

]]></types:shape>
    </types:type>
    <types:type name="auto_ef69aed8-e7b6-4a93-a98d-48ff7e6ba8f4_Output-Variables-accountId" format="java">
      <types:shape format="raml" autogeneratedOrigin="e47b7078-3788-42b5-8440-f3f5a80a01be"><![CDATA[#%RAML 1.0 DataType
type: number]]></types:shape>
    </types:type>
    <types:type name="auto_b06c0ec9-41df-4c13-a5b9-c8dfaddc137d_Input-Payload" format="json">
      <types:shape format="weave" example="weave/autogenerated/b06c0ec9-41df-4c13-a5b9-c8dfaddc137d/Input-Payload.wev" autogeneratedOrigin="99426675-b3c4-4520-9bfc-4252d4c38e43"><![CDATA[%dw 2.0

type auto_b06c0ec9_41df_4c13_a5b9_c8dfaddc137d_Input_Payload = {
  amount: Number, 
  _?: Any
}

]]></types:shape>
    </types:type>
    <types:type name="auto_b06c0ec9-41df-4c13-a5b9-c8dfaddc137d_Input-Attributes" format="java">
      <types:shape format="weave" example="weave/autogenerated/b06c0ec9-41df-4c13-a5b9-c8dfaddc137d/Input-Attributes.wev" autogeneratedOrigin="99426675-b3c4-4520-9bfc-4252d4c38e43"><![CDATA[%dw 2.0

type auto_b06c0ec9_41df_4c13_a5b9_c8dfaddc137d_Input_Attributes = {|
  clientCertificate?: {|
    publicKey?: {|  |}, 
    "type"?: String, 
    encoded?: Binary
  |}, 
  headers: {|  |}, 
  listenerPath: String, 
  method: String, 
  queryParams: {|  |}, 
  queryString: String, 
  relativePath: String, 
  remoteAddress: String, 
  requestPath: String, 
  requestUri: String, 
  scheme: String, 
  uriParams: {| account_number: String |}, 
  version: String, 
  localAddress: String
|}

]]></types:shape>
    </types:type>
    <types:type name="auto_b06c0ec9-41df-4c13-a5b9-c8dfaddc137d_Input-Variables-account_number" format="java">
      <types:shape format="raml" autogeneratedOrigin="99426675-b3c4-4520-9bfc-4252d4c38e43"><![CDATA[#%RAML 1.0 DataType
type: string]]></types:shape>
    </types:type>
    <types:type name="auto_b06c0ec9-41df-4c13-a5b9-c8dfaddc137d_Input-Variables-amount" format="json">
      <types:shape format="weave" example="weave/autogenerated/b06c0ec9-41df-4c13-a5b9-c8dfaddc137d/Input-Variables-amount.wev" autogeneratedOrigin="99426675-b3c4-4520-9bfc-4252d4c38e43"><![CDATA[%dw 2.0

type auto_b06c0ec9_41df_4c13_a5b9_c8dfaddc137d_Input_Variables_amount = Number

]]></types:shape>
    </types:type>
    <types:type name="auto_b06c0ec9-41df-4c13-a5b9-c8dfaddc137d_Input-Variables-outboundHeaders" format="java">
      <types:shape format="weave" example="weave/autogenerated/b06c0ec9-41df-4c13-a5b9-c8dfaddc137d/Input-Variables-outboundHeaders.wev" autogeneratedOrigin="99426675-b3c4-4520-9bfc-4252d4c38e43"><![CDATA[%dw 2.0

type auto_b06c0ec9_41df_4c13_a5b9_c8dfaddc137d_Input_Variables_outboundHeaders = {|  |}

]]></types:shape>
    </types:type>
    <types:type name="auto_b06c0ec9-41df-4c13-a5b9-c8dfaddc137d_Input-Variables-httpStatus" format="java">
      <types:shape format="raml" autogeneratedOrigin="99426675-b3c4-4520-9bfc-4252d4c38e43"><![CDATA[#%RAML 1.0 DataType
type: string]]></types:shape>
    </types:type>
    <types:type name="auto_b06c0ec9-41df-4c13-a5b9-c8dfaddc137d_Output-Payload" format="json">
      <types:shape format="weave" example="weave/autogenerated/b06c0ec9-41df-4c13-a5b9-c8dfaddc137d/Output-Payload.wev" autogeneratedOrigin="99426675-b3c4-4520-9bfc-4252d4c38e43"><![CDATA[%dw 2.0

type auto_b06c0ec9_41df_4c13_a5b9_c8dfaddc137d_Output_Payload = {
  accountId: String, 
  amount: Number, 
  "type": String, 
  transactionId: String, 
  dateTransaction: String, 
  _?: Any
}

]]></types:shape>
    </types:type>
    <types:type name="auto_b06c0ec9-41df-4c13-a5b9-c8dfaddc137d_Output-Attributes" format="java">
      <types:shape format="weave" example="weave/autogenerated/b06c0ec9-41df-4c13-a5b9-c8dfaddc137d/Output-Attributes.wev" autogeneratedOrigin="99426675-b3c4-4520-9bfc-4252d4c38e43"><![CDATA[%dw 2.0

type auto_b06c0ec9_41df_4c13_a5b9_c8dfaddc137d_Output_Attributes = Null

]]></types:shape>
    </types:type>
    <types:type name="auto_b06c0ec9-41df-4c13-a5b9-c8dfaddc137d_Output-Variables-accountId" format="java">
      <types:shape format="raml" autogeneratedOrigin="99426675-b3c4-4520-9bfc-4252d4c38e43"><![CDATA[#%RAML 1.0 DataType
type: number]]></types:shape>
    </types:type>
    <types:type name="auto_b06c0ec9-41df-4c13-a5b9-c8dfaddc137d_Output-Variables-account_number" format="java">
      <types:shape format="raml" autogeneratedOrigin="99426675-b3c4-4520-9bfc-4252d4c38e43"><![CDATA[#%RAML 1.0 DataType
type: string]]></types:shape>
    </types:type>
    <types:type name="auto_b06c0ec9-41df-4c13-a5b9-c8dfaddc137d_Output-Variables-amount" format="json">
      <types:shape format="weave" example="weave/autogenerated/b06c0ec9-41df-4c13-a5b9-c8dfaddc137d/Output-Variables-amount.wev" autogeneratedOrigin="99426675-b3c4-4520-9bfc-4252d4c38e43"><![CDATA[%dw 2.0

type auto_b06c0ec9_41df_4c13_a5b9_c8dfaddc137d_Output_Variables_amount = Number

]]></types:shape>
    </types:type>
    <types:type name="auto_b06c0ec9-41df-4c13-a5b9-c8dfaddc137d_Output-Variables-outboundHeaders" format="java">
      <types:shape format="weave" example="weave/autogenerated/b06c0ec9-41df-4c13-a5b9-c8dfaddc137d/Output-Variables-outboundHeaders.wev" autogeneratedOrigin="99426675-b3c4-4520-9bfc-4252d4c38e43"><![CDATA[%dw 2.0

type auto_b06c0ec9_41df_4c13_a5b9_c8dfaddc137d_Output_Variables_outboundHeaders = {|  |}

]]></types:shape>
    </types:type>
    <types:type name="auto_b06c0ec9-41df-4c13-a5b9-c8dfaddc137d_Output-Variables-httpStatus" format="java">
      <types:shape format="raml" autogeneratedOrigin="99426675-b3c4-4520-9bfc-4252d4c38e43"><![CDATA[#%RAML 1.0 DataType
type: string]]></types:shape>
    </types:type>
    <types:type name="auto_73a4b6dc-f2d4-4548-8d93-647457fe0e09_Input-Payload" format="json">
      <types:shape format="weave" example="weave/autogenerated/73a4b6dc-f2d4-4548-8d93-647457fe0e09/Input-Payload.wev" autogeneratedOrigin="7ac3ec36-0cc9-4ca6-b274-78fb8e33b603"><![CDATA[%dw 2.0

type auto_73a4b6dc_f2d4_4548_8d93_647457fe0e09_Input_Payload = {
  amount: Number, 
  _?: Any
}

]]></types:shape>
    </types:type>
    <types:type name="auto_73a4b6dc-f2d4-4548-8d93-647457fe0e09_Input-Attributes" format="java">
      <types:shape format="weave" example="weave/autogenerated/73a4b6dc-f2d4-4548-8d93-647457fe0e09/Input-Attributes.wev" autogeneratedOrigin="7ac3ec36-0cc9-4ca6-b274-78fb8e33b603"><![CDATA[%dw 2.0

type auto_73a4b6dc_f2d4_4548_8d93_647457fe0e09_Input_Attributes = {|
  clientCertificate?: {|
    publicKey?: {|  |}, 
    "type"?: String, 
    encoded?: Binary
  |}, 
  headers: {|  |}, 
  listenerPath: String, 
  method: String, 
  queryParams: {|  |}, 
  queryString: String, 
  relativePath: String, 
  remoteAddress: String, 
  requestPath: String, 
  requestUri: String, 
  scheme: String, 
  uriParams: {|
    from_account_number: String, 
    to_account_number: String
  |}, 
  version: String, 
  localAddress: String
|}

]]></types:shape>
    </types:type>
    <types:type name="auto_73a4b6dc-f2d4-4548-8d93-647457fe0e09_Input-Variables-outboundHeaders" format="java">
      <types:shape format="weave" example="weave/autogenerated/73a4b6dc-f2d4-4548-8d93-647457fe0e09/Input-Variables-outboundHeaders.wev" autogeneratedOrigin="7ac3ec36-0cc9-4ca6-b274-78fb8e33b603"><![CDATA[%dw 2.0

type auto_73a4b6dc_f2d4_4548_8d93_647457fe0e09_Input_Variables_outboundHeaders = {|  |}

]]></types:shape>
    </types:type>
    <types:type name="auto_73a4b6dc-f2d4-4548-8d93-647457fe0e09_Input-Variables-httpStatus" format="java">
      <types:shape format="raml" autogeneratedOrigin="7ac3ec36-0cc9-4ca6-b274-78fb8e33b603"><![CDATA[#%RAML 1.0 DataType
type: string]]></types:shape>
    </types:type>
    <types:type name="auto_73a4b6dc-f2d4-4548-8d93-647457fe0e09_Output-Payload" format="json">
      <types:shape format="weave" example="weave/autogenerated/73a4b6dc-f2d4-4548-8d93-647457fe0e09/Output-Payload.wev" autogeneratedOrigin="7ac3ec36-0cc9-4ca6-b274-78fb8e33b603"><![CDATA[%dw 2.0

type auto_73a4b6dc_f2d4_4548_8d93_647457fe0e09_Output_Payload = {
  accountId: String, 
  amount: Number, 
  "type": String, 
  transactionId: String, 
  dateTransaction: String, 
  _?: Any
}

]]></types:shape>
    </types:type>
    <types:type name="auto_73a4b6dc-f2d4-4548-8d93-647457fe0e09_Output-Attributes" format="java">
      <types:shape format="weave" example="weave/autogenerated/73a4b6dc-f2d4-4548-8d93-647457fe0e09/Output-Attributes.wev" autogeneratedOrigin="7ac3ec36-0cc9-4ca6-b274-78fb8e33b603"><![CDATA[%dw 2.0

type auto_73a4b6dc_f2d4_4548_8d93_647457fe0e09_Output_Attributes = Null

]]></types:shape>
    </types:type>
    <types:type name="auto_73a4b6dc-f2d4-4548-8d93-647457fe0e09_Output-Variables-fromAccountInfo" format="java">
      <types:shape format="weave" example="weave/autogenerated/73a4b6dc-f2d4-4548-8d93-647457fe0e09/Output-Variables-fromAccountInfo.wev" autogeneratedOrigin="7ac3ec36-0cc9-4ca6-b274-78fb8e33b603"><![CDATA[%dw 2.0

type auto_73a4b6dc_f2d4_4548_8d93_647457fe0e09_Output_Variables_fromAccountInfo = {|
  account_id: Number, 
  name: String, 
  account_number: Number, 
  balance?: Number
|}

]]></types:shape>
    </types:type>
    <types:type name="auto_73a4b6dc-f2d4-4548-8d93-647457fe0e09_Output-Variables-toAccountInfo" format="java">
      <types:shape format="weave" example="weave/autogenerated/73a4b6dc-f2d4-4548-8d93-647457fe0e09/Output-Variables-toAccountInfo.wev" autogeneratedOrigin="7ac3ec36-0cc9-4ca6-b274-78fb8e33b603"><![CDATA[%dw 2.0

type auto_73a4b6dc_f2d4_4548_8d93_647457fe0e09_Output_Variables_toAccountInfo = {|
  account_id: Number, 
  name: String, 
  account_number: Number, 
  balance?: Number
|}

]]></types:shape>
    </types:type>
    <types:type name="auto_73a4b6dc-f2d4-4548-8d93-647457fe0e09_Output-Variables-outboundHeaders" format="java">
      <types:shape format="weave" example="weave/autogenerated/73a4b6dc-f2d4-4548-8d93-647457fe0e09/Output-Variables-outboundHeaders.wev" autogeneratedOrigin="7ac3ec36-0cc9-4ca6-b274-78fb8e33b603"><![CDATA[%dw 2.0

type auto_73a4b6dc_f2d4_4548_8d93_647457fe0e09_Output_Variables_outboundHeaders = {|  |}

]]></types:shape>
    </types:type>
    <types:type name="auto_73a4b6dc-f2d4-4548-8d93-647457fe0e09_Output-Variables-httpStatus" format="java">
      <types:shape format="raml" autogeneratedOrigin="7ac3ec36-0cc9-4ca6-b274-78fb8e33b603"><![CDATA[#%RAML 1.0 DataType
type: string]]></types:shape>
    </types:type>
    <types:type name="auto_9333a4a9-2bbe-4dc6-90ae-5d8630948e78_Output-Payload" format="json">
      <types:shape format="weave" example="weave/autogenerated/9333a4a9-2bbe-4dc6-90ae-5d8630948e78/Output-Payload.wev" autogeneratedOrigin="4193135f-237f-45e1-a4ab-d2faf8c158a2"><![CDATA[%dw 2.0

type auto_9333a4a9_2bbe_4dc6_90ae_5d8630948e78_Output_Payload = {| Mensagem: String |}

]]></types:shape>
    </types:type>
    <types:type name="auto_9333a4a9-2bbe-4dc6-90ae-5d8630948e78_Output-Attributes" format="java">
      <types:shape format="weave" example="weave/autogenerated/9333a4a9-2bbe-4dc6-90ae-5d8630948e78/Output-Attributes.wev" autogeneratedOrigin="4193135f-237f-45e1-a4ab-d2faf8c158a2"><![CDATA[%dw 2.0

type auto_9333a4a9_2bbe_4dc6_90ae_5d8630948e78_Output_Attributes = Null

]]></types:shape>
    </types:type>
    <types:type name="auto_9333a4a9-2bbe-4dc6-90ae-5d8630948e78_Output-Variables-fromAccountInfo" format="java">
      <types:shape format="weave" example="weave/autogenerated/9333a4a9-2bbe-4dc6-90ae-5d8630948e78/Output-Variables-fromAccountInfo.wev" autogeneratedOrigin="4193135f-237f-45e1-a4ab-d2faf8c158a2"><![CDATA[%dw 2.0

type auto_9333a4a9_2bbe_4dc6_90ae_5d8630948e78_Output_Variables_fromAccountInfo = {|
  account_id: Number, 
  name: String, 
  account_number: Number, 
  balance?: Number
|}

]]></types:shape>
    </types:type>
    <types:type name="auto_9333a4a9-2bbe-4dc6-90ae-5d8630948e78_Output-Variables-toAccountInfo" format="java">
      <types:shape format="weave" example="weave/autogenerated/9333a4a9-2bbe-4dc6-90ae-5d8630948e78/Output-Variables-toAccountInfo.wev" autogeneratedOrigin="4193135f-237f-45e1-a4ab-d2faf8c158a2"><![CDATA[%dw 2.0

type auto_9333a4a9_2bbe_4dc6_90ae_5d8630948e78_Output_Variables_toAccountInfo = {|
  account_id: Number, 
  name: String, 
  account_number: Number, 
  balance?: Number
|}

]]></types:shape>
    </types:type>
    <types:type name="auto_d8aa0609-610b-42ab-9a65-6da2410e581a_Output-Payload" format="java">
      <types:shape format="weave" example="weave/autogenerated/d8aa0609-610b-42ab-9a65-6da2410e581a/Output-Payload.wev" autogeneratedOrigin="7e422156-7ab2-4626-bc27-6d9c9ef080aa"><![CDATA[%dw 2.0

type auto_d8aa0609_610b_42ab_9a65_6da2410e581a_Output_Payload = Array<{|  account_id: Number,   name: String,   account_number: Number,   balance?: Number|}> | {| Mensagem: String |}

]]></types:shape>
    </types:type>
    <types:type name="auto_d8aa0609-610b-42ab-9a65-6da2410e581a_Output-Attributes" format="java">
      <types:shape format="weave" example="weave/autogenerated/d8aa0609-610b-42ab-9a65-6da2410e581a/Output-Attributes.wev" autogeneratedOrigin="7e422156-7ab2-4626-bc27-6d9c9ef080aa"><![CDATA[%dw 2.0

type auto_d8aa0609_610b_42ab_9a65_6da2410e581a_Output_Attributes = Null

]]></types:shape>
    </types:type>
    <types:type name="auto_d8aa0609-610b-42ab-9a65-6da2410e581a_Output-Variables-fromAccountInfo" format="java">
      <types:shape format="weave" example="weave/autogenerated/d8aa0609-610b-42ab-9a65-6da2410e581a/Output-Variables-fromAccountInfo.wev" autogeneratedOrigin="7e422156-7ab2-4626-bc27-6d9c9ef080aa"><![CDATA[%dw 2.0

type auto_d8aa0609_610b_42ab_9a65_6da2410e581a_Output_Variables_fromAccountInfo = {|
  account_id: Number, 
  name: String, 
  account_number: Number, 
  balance?: Number
|}

]]></types:shape>
    </types:type>
    <types:type name="auto_d7167d03-6397-4ec9-8a24-15ae5256bb85_Input-Payload" format="java">
      <types:shape format="weave" example="weave/autogenerated/d7167d03-6397-4ec9-8a24-15ae5256bb85/Input-Payload.wev" autogeneratedOrigin="0e0c22db-9d02-4efd-ab53-a1b1841a5b12"><![CDATA[%dw 2.0

type auto_d7167d03_6397_4ec9_8a24_15ae5256bb85_Input_Payload = Array<{|  account_id: Number,   name: String,   account_number: Number,   balance?: Number|}> | {| Mensagem: String |}

]]></types:shape>
    </types:type>
    <types:type name="auto_d7167d03-6397-4ec9-8a24-15ae5256bb85_Input-Attributes" format="java">
      <types:shape format="weave" example="weave/autogenerated/d7167d03-6397-4ec9-8a24-15ae5256bb85/Input-Attributes.wev" autogeneratedOrigin="0e0c22db-9d02-4efd-ab53-a1b1841a5b12"><![CDATA[%dw 2.0

type auto_d7167d03_6397_4ec9_8a24_15ae5256bb85_Input_Attributes = Null

]]></types:shape>
    </types:type>
    <types:type name="auto_d7167d03-6397-4ec9-8a24-15ae5256bb85_Input-Variables-fromAccountInfo" format="java">
      <types:shape format="weave" example="weave/autogenerated/d7167d03-6397-4ec9-8a24-15ae5256bb85/Input-Variables-fromAccountInfo.wev" autogeneratedOrigin="0e0c22db-9d02-4efd-ab53-a1b1841a5b12"><![CDATA[%dw 2.0

type auto_d7167d03_6397_4ec9_8a24_15ae5256bb85_Input_Variables_fromAccountInfo = {|
  account_id: Number, 
  name: String, 
  account_number: Number, 
  balance?: Number
|}

]]></types:shape>
    </types:type>
    <types:type name="auto_d7167d03-6397-4ec9-8a24-15ae5256bb85_Output-Payload" format="java">
      <types:shape format="weave" example="weave/autogenerated/d7167d03-6397-4ec9-8a24-15ae5256bb85/Output-Payload.wev" autogeneratedOrigin="0e0c22db-9d02-4efd-ab53-a1b1841a5b12"><![CDATA[%dw 2.0

type auto_d7167d03_6397_4ec9_8a24_15ae5256bb85_Output_Payload = Array<{|  account_id: Number,   name: String,   account_number: Number,   balance?: Number|}> | {| Mensagem: String |}

]]></types:shape>
    </types:type>
    <types:type name="auto_d7167d03-6397-4ec9-8a24-15ae5256bb85_Output-Attributes" format="java">
      <types:shape format="weave" example="weave/autogenerated/d7167d03-6397-4ec9-8a24-15ae5256bb85/Output-Attributes.wev" autogeneratedOrigin="0e0c22db-9d02-4efd-ab53-a1b1841a5b12"><![CDATA[%dw 2.0

type auto_d7167d03_6397_4ec9_8a24_15ae5256bb85_Output_Attributes = Null

]]></types:shape>
    </types:type>
    <types:type name="auto_d7167d03-6397-4ec9-8a24-15ae5256bb85_Output-Variables-fromAccountInfo" format="java">
      <types:shape format="weave" example="weave/autogenerated/d7167d03-6397-4ec9-8a24-15ae5256bb85/Output-Variables-fromAccountInfo.wev" autogeneratedOrigin="0e0c22db-9d02-4efd-ab53-a1b1841a5b12"><![CDATA[%dw 2.0

type auto_d7167d03_6397_4ec9_8a24_15ae5256bb85_Output_Variables_fromAccountInfo = {|
  account_id: Number, 
  name: String, 
  account_number: Number, 
  balance?: Number
|}

]]></types:shape>
    </types:type>
    <types:type name="auto_d7167d03-6397-4ec9-8a24-15ae5256bb85_Output-Variables-toAccountInfo" format="java">
      <types:shape format="weave" example="weave/autogenerated/d7167d03-6397-4ec9-8a24-15ae5256bb85/Output-Variables-toAccountInfo.wev" autogeneratedOrigin="0e0c22db-9d02-4efd-ab53-a1b1841a5b12"><![CDATA[%dw 2.0

type auto_d7167d03_6397_4ec9_8a24_15ae5256bb85_Output_Variables_toAccountInfo = {|
  account_id: Number, 
  name: String, 
  account_number: Number, 
  balance?: Number
|}

]]></types:shape>
    </types:type>
    <types:type name="auto_a6e70c8c-e89f-4adb-995a-4c2d40c4e68a_Input-Payload" format="json">
      <types:shape format="weave" example="weave/autogenerated/a6e70c8c-e89f-4adb-995a-4c2d40c4e68a/Input-Payload.wev" autogeneratedOrigin="4a053ae2-4401-4b53-b6f7-023a259346ee"><![CDATA[%dw 2.0

type auto_a6e70c8c_e89f_4adb_995a_4c2d40c4e68a_Input_Payload = {| Mensagem: String |}

]]></types:shape>
    </types:type>
    <types:type name="auto_a6e70c8c-e89f-4adb-995a-4c2d40c4e68a_Input-Attributes" format="java">
      <types:shape format="weave" example="weave/autogenerated/a6e70c8c-e89f-4adb-995a-4c2d40c4e68a/Input-Attributes.wev" autogeneratedOrigin="4a053ae2-4401-4b53-b6f7-023a259346ee"><![CDATA[%dw 2.0

type auto_a6e70c8c_e89f_4adb_995a_4c2d40c4e68a_Input_Attributes = Null

]]></types:shape>
    </types:type>
    <types:type name="auto_a6e70c8c-e89f-4adb-995a-4c2d40c4e68a_Input-Variables-newName" format="java">
      <types:shape format="weave" example="weave/autogenerated/a6e70c8c-e89f-4adb-995a-4c2d40c4e68a/Input-Variables-newName.wev" autogeneratedOrigin="4a053ae2-4401-4b53-b6f7-023a259346ee"><![CDATA[%dw 2.0

type auto_a6e70c8c_e89f_4adb_995a_4c2d40c4e68a_Input_Variables_newName = Any

]]></types:shape>
    </types:type>
    <types:type name="auto_a6e70c8c-e89f-4adb-995a-4c2d40c4e68a_Input-Variables-httpStatus" format="java">
      <types:shape format="raml" autogeneratedOrigin="4a053ae2-4401-4b53-b6f7-023a259346ee"><![CDATA[#%RAML 1.0 DataType
type: string]]></types:shape>
    </types:type>
    <types:type name="auto_a6e70c8c-e89f-4adb-995a-4c2d40c4e68a_Output-Payload" format="json">
      <types:shape format="weave" example="weave/autogenerated/a6e70c8c-e89f-4adb-995a-4c2d40c4e68a/Output-Payload.wev" autogeneratedOrigin="4a053ae2-4401-4b53-b6f7-023a259346ee"><![CDATA[%dw 2.0

type auto_a6e70c8c_e89f_4adb_995a_4c2d40c4e68a_Output_Payload = {| Mensagem: String |}

]]></types:shape>
    </types:type>
    <types:type name="auto_a6e70c8c-e89f-4adb-995a-4c2d40c4e68a_Output-Attributes" format="java">
      <types:shape format="weave" example="weave/autogenerated/a6e70c8c-e89f-4adb-995a-4c2d40c4e68a/Output-Attributes.wev" autogeneratedOrigin="4a053ae2-4401-4b53-b6f7-023a259346ee"><![CDATA[%dw 2.0

type auto_a6e70c8c_e89f_4adb_995a_4c2d40c4e68a_Output_Attributes = Null

]]></types:shape>
    </types:type>
    <types:type name="auto_a6e70c8c-e89f-4adb-995a-4c2d40c4e68a_Output-Variables-newName" format="java">
      <types:shape format="weave" example="weave/autogenerated/a6e70c8c-e89f-4adb-995a-4c2d40c4e68a/Output-Variables-newName.wev" autogeneratedOrigin="4a053ae2-4401-4b53-b6f7-023a259346ee"><![CDATA[%dw 2.0

type auto_a6e70c8c_e89f_4adb_995a_4c2d40c4e68a_Output_Variables_newName = Any

]]></types:shape>
    </types:type>
    <types:type name="auto_a6e70c8c-e89f-4adb-995a-4c2d40c4e68a_Output-Variables-httpStatus" format="java">
      <types:shape format="raml" autogeneratedOrigin="4a053ae2-4401-4b53-b6f7-023a259346ee"><![CDATA[#%RAML 1.0 DataType
type: string]]></types:shape>
    </types:type>
  </types:catalog>
  <types:enrichment select="#c98e7584-6896-44fe-ba46-2ed7565fdc9c">
    <types:processor-declaration>
      <types:output-event>
        <types:message>
          <types:payload type="auto_c98e7584-6896-44fe-ba46-2ed7565fdc9c_Output-Payload"/>
          <types:attributes type="auto_c98e7584-6896-44fe-ba46-2ed7565fdc9c_Output-Attributes"/>
        </types:message>
        <types:variables>
          <types:variable name="newName" type="auto_c98e7584-6896-44fe-ba46-2ed7565fdc9c_Output-Variables-newName"/>
          <types:variable name="httpStatus" type="auto_c98e7584-6896-44fe-ba46-2ed7565fdc9c_Output-Variables-httpStatus"/>
        </types:variables>
      </types:output-event>
    </types:processor-declaration>
  </types:enrichment>
  <types:enrichment select="#f9e1a816-ab40-4863-b325-5e4f74bcb2d7">
    <types:processor-declaration>
      <types:output-event>
        <types:message>
          <types:payload type="auto_f9e1a816-ab40-4863-b325-5e4f74bcb2d7_Output-Payload"/>
          <types:attributes type="auto_f9e1a816-ab40-4863-b325-5e4f74bcb2d7_Output-Attributes"/>
        </types:message>
      </types:output-event>
    </types:processor-declaration>
  </types:enrichment>
  <types:enrichment select="#82b8bd5f-6387-4dcb-8084-3b3bd462aa10">
    <types:processor-declaration>
      <types:input-event>
        <types:message>
          <types:payload type="auto_82b8bd5f-6387-4dcb-8084-3b3bd462aa10_Input-Payload"/>
          <types:attributes type="auto_82b8bd5f-6387-4dcb-8084-3b3bd462aa10_Input-Attributes"/>
        </types:message>
        <types:variables>
          <types:variable name="account_number" type="auto_82b8bd5f-6387-4dcb-8084-3b3bd462aa10_Input-Variables-account_number"/>
          <types:variable name="outboundHeaders" type="auto_82b8bd5f-6387-4dcb-8084-3b3bd462aa10_Input-Variables-outboundHeaders"/>
          <types:variable name="httpStatus" type="auto_82b8bd5f-6387-4dcb-8084-3b3bd462aa10_Input-Variables-httpStatus"/>
          <types:variable name="depositValue" type="auto_82b8bd5f-6387-4dcb-8084-3b3bd462aa10_Input-Variables-depositValue"/>
        </types:variables>
      </types:input-event>
      <types:output-event>
        <types:message>
          <types:payload type="auto_82b8bd5f-6387-4dcb-8084-3b3bd462aa10_Output-Payload"/>
          <types:attributes type="auto_82b8bd5f-6387-4dcb-8084-3b3bd462aa10_Output-Attributes"/>
        </types:message>
        <types:variables>
          <types:variable name="accountId" type="auto_82b8bd5f-6387-4dcb-8084-3b3bd462aa10_Output-Variables-accountId"/>
          <types:variable name="account_number" type="auto_82b8bd5f-6387-4dcb-8084-3b3bd462aa10_Output-Variables-account_number"/>
          <types:variable name="outboundHeaders" type="auto_82b8bd5f-6387-4dcb-8084-3b3bd462aa10_Output-Variables-outboundHeaders"/>
          <types:variable name="transactionSuccess" type="auto_82b8bd5f-6387-4dcb-8084-3b3bd462aa10_Output-Variables-transactionSuccess"/>
          <types:variable name="httpStatus" type="auto_82b8bd5f-6387-4dcb-8084-3b3bd462aa10_Output-Variables-httpStatus"/>
          <types:variable name="depositValue" type="auto_82b8bd5f-6387-4dcb-8084-3b3bd462aa10_Output-Variables-depositValue"/>
        </types:variables>
      </types:output-event>
    </types:processor-declaration>
  </types:enrichment>
  <types:enrichment select="#0bd37e07-d594-4fda-9f46-c38909bb449f">
    <types:processor-declaration>
      <types:output-event>
        <types:message>
          <types:payload type="auto_0bd37e07-d594-4fda-9f46-c38909bb449f_Output-Payload"/>
          <types:attributes type="auto_0bd37e07-d594-4fda-9f46-c38909bb449f_Output-Attributes"/>
        </types:message>
        <types:variables>
          <types:variable name="getBalance" type="auto_0bd37e07-d594-4fda-9f46-c38909bb449f_Output-Variables-getBalance"/>
        </types:variables>
      </types:output-event>
    </types:processor-declaration>
  </types:enrichment>
  <types:enrichment select="#f7cbdc5c-dea4-41dc-b4e2-9c60e2fec253">
    <types:processor-declaration>
      <types:input-event>
        <types:message>
          <types:payload type="auto_f7cbdc5c-dea4-41dc-b4e2-9c60e2fec253_Input-Payload"/>
          <types:attributes type="auto_f7cbdc5c-dea4-41dc-b4e2-9c60e2fec253_Input-Attributes"/>
        </types:message>
        <types:variables>
          <types:variable name="accountId" type="auto_f7cbdc5c-dea4-41dc-b4e2-9c60e2fec253_Input-Variables-accountId"/>
        </types:variables>
      </types:input-event>
      <types:output-event>
        <types:message>
          <types:payload type="auto_f7cbdc5c-dea4-41dc-b4e2-9c60e2fec253_Output-Payload"/>
          <types:attributes type="auto_f7cbdc5c-dea4-41dc-b4e2-9c60e2fec253_Output-Attributes"/>
        </types:message>
        <types:variables>
          <types:variable name="accountId" type="auto_f7cbdc5c-dea4-41dc-b4e2-9c60e2fec253_Output-Variables-accountId"/>
        </types:variables>
      </types:output-event>
    </types:processor-declaration>
  </types:enrichment>
  <types:enrichment select="#ef69aed8-e7b6-4a93-a98d-48ff7e6ba8f4">
    <types:processor-declaration>
      <types:output-event>
        <types:message>
          <types:payload type="auto_ef69aed8-e7b6-4a93-a98d-48ff7e6ba8f4_Output-Payload"/>
          <types:attributes type="auto_ef69aed8-e7b6-4a93-a98d-48ff7e6ba8f4_Output-Attributes"/>
        </types:message>
        <types:variables>
          <types:variable name="accountId" type="auto_ef69aed8-e7b6-4a93-a98d-48ff7e6ba8f4_Output-Variables-accountId"/>
        </types:variables>
      </types:output-event>
    </types:processor-declaration>
  </types:enrichment>
  <types:enrichment select="#b06c0ec9-41df-4c13-a5b9-c8dfaddc137d">
    <types:processor-declaration>
      <types:input-event>
        <types:message>
          <types:payload type="auto_b06c0ec9-41df-4c13-a5b9-c8dfaddc137d_Input-Payload"/>
          <types:attributes type="auto_b06c0ec9-41df-4c13-a5b9-c8dfaddc137d_Input-Attributes"/>
        </types:message>
        <types:variables>
          <types:variable name="account_number" type="auto_b06c0ec9-41df-4c13-a5b9-c8dfaddc137d_Input-Variables-account_number"/>
          <types:variable name="outboundHeaders" type="auto_b06c0ec9-41df-4c13-a5b9-c8dfaddc137d_Input-Variables-outboundHeaders"/>
          <types:variable name="amount" type="auto_b06c0ec9-41df-4c13-a5b9-c8dfaddc137d_Input-Variables-amount"/>
          <types:variable name="httpStatus" type="auto_b06c0ec9-41df-4c13-a5b9-c8dfaddc137d_Input-Variables-httpStatus"/>
        </types:variables>
      </types:input-event>
      <types:output-event>
        <types:message>
          <types:payload type="auto_b06c0ec9-41df-4c13-a5b9-c8dfaddc137d_Output-Payload"/>
          <types:attributes type="auto_b06c0ec9-41df-4c13-a5b9-c8dfaddc137d_Output-Attributes"/>
        </types:message>
        <types:variables>
          <types:variable name="accountId" type="auto_b06c0ec9-41df-4c13-a5b9-c8dfaddc137d_Output-Variables-accountId"/>
          <types:variable name="account_number" type="auto_b06c0ec9-41df-4c13-a5b9-c8dfaddc137d_Output-Variables-account_number"/>
          <types:variable name="outboundHeaders" type="auto_b06c0ec9-41df-4c13-a5b9-c8dfaddc137d_Output-Variables-outboundHeaders"/>
          <types:variable name="amount" type="auto_b06c0ec9-41df-4c13-a5b9-c8dfaddc137d_Output-Variables-amount"/>
          <types:variable name="httpStatus" type="auto_b06c0ec9-41df-4c13-a5b9-c8dfaddc137d_Output-Variables-httpStatus"/>
        </types:variables>
      </types:output-event>
    </types:processor-declaration>
  </types:enrichment>
  <types:enrichment select="#73a4b6dc-f2d4-4548-8d93-647457fe0e09">
    <types:processor-declaration>
      <types:input-event>
        <types:message>
          <types:payload type="auto_73a4b6dc-f2d4-4548-8d93-647457fe0e09_Input-Payload"/>
          <types:attributes type="auto_73a4b6dc-f2d4-4548-8d93-647457fe0e09_Input-Attributes"/>
        </types:message>
        <types:variables>
          <types:variable name="outboundHeaders" type="auto_73a4b6dc-f2d4-4548-8d93-647457fe0e09_Input-Variables-outboundHeaders"/>
          <types:variable name="httpStatus" type="auto_73a4b6dc-f2d4-4548-8d93-647457fe0e09_Input-Variables-httpStatus"/>
        </types:variables>
      </types:input-event>
      <types:output-event>
        <types:message>
          <types:payload type="auto_73a4b6dc-f2d4-4548-8d93-647457fe0e09_Output-Payload"/>
          <types:attributes type="auto_73a4b6dc-f2d4-4548-8d93-647457fe0e09_Output-Attributes"/>
        </types:message>
        <types:variables>
          <types:variable name="outboundHeaders" type="auto_73a4b6dc-f2d4-4548-8d93-647457fe0e09_Output-Variables-outboundHeaders"/>
          <types:variable name="httpStatus" type="auto_73a4b6dc-f2d4-4548-8d93-647457fe0e09_Output-Variables-httpStatus"/>
          <types:variable name="fromAccountInfo" type="auto_73a4b6dc-f2d4-4548-8d93-647457fe0e09_Output-Variables-fromAccountInfo"/>
          <types:variable name="toAccountInfo" type="auto_73a4b6dc-f2d4-4548-8d93-647457fe0e09_Output-Variables-toAccountInfo"/>
        </types:variables>
      </types:output-event>
    </types:processor-declaration>
  </types:enrichment>
  <types:enrichment select="#9333a4a9-2bbe-4dc6-90ae-5d8630948e78">
    <types:processor-declaration>
      <types:output-event>
        <types:message>
          <types:payload type="auto_9333a4a9-2bbe-4dc6-90ae-5d8630948e78_Output-Payload"/>
          <types:attributes type="auto_9333a4a9-2bbe-4dc6-90ae-5d8630948e78_Output-Attributes"/>
        </types:message>
        <types:variables>
          <types:variable name="fromAccountInfo" type="auto_9333a4a9-2bbe-4dc6-90ae-5d8630948e78_Output-Variables-fromAccountInfo"/>
          <types:variable name="toAccountInfo" type="auto_9333a4a9-2bbe-4dc6-90ae-5d8630948e78_Output-Variables-toAccountInfo"/>
        </types:variables>
      </types:output-event>
    </types:processor-declaration>
  </types:enrichment>
  <types:enrichment select="#d8aa0609-610b-42ab-9a65-6da2410e581a">
    <types:processor-declaration>
      <types:output-event>
        <types:message>
          <types:payload type="auto_d8aa0609-610b-42ab-9a65-6da2410e581a_Output-Payload"/>
          <types:attributes type="auto_d8aa0609-610b-42ab-9a65-6da2410e581a_Output-Attributes"/>
        </types:message>
        <types:variables>
          <types:variable name="fromAccountInfo" type="auto_d8aa0609-610b-42ab-9a65-6da2410e581a_Output-Variables-fromAccountInfo"/>
        </types:variables>
      </types:output-event>
    </types:processor-declaration>
  </types:enrichment>
  <types:enrichment select="#d7167d03-6397-4ec9-8a24-15ae5256bb85">
    <types:processor-declaration>
      <types:input-event>
        <types:message>
          <types:payload type="auto_d7167d03-6397-4ec9-8a24-15ae5256bb85_Input-Payload"/>
          <types:attributes type="auto_d7167d03-6397-4ec9-8a24-15ae5256bb85_Input-Attributes"/>
        </types:message>
        <types:variables>
          <types:variable name="fromAccountInfo" type="auto_d7167d03-6397-4ec9-8a24-15ae5256bb85_Input-Variables-fromAccountInfo"/>
        </types:variables>
      </types:input-event>
      <types:output-event>
        <types:message>
          <types:payload type="auto_d7167d03-6397-4ec9-8a24-15ae5256bb85_Output-Payload"/>
          <types:attributes type="auto_d7167d03-6397-4ec9-8a24-15ae5256bb85_Output-Attributes"/>
        </types:message>
        <types:variables>
          <types:variable name="fromAccountInfo" type="auto_d7167d03-6397-4ec9-8a24-15ae5256bb85_Output-Variables-fromAccountInfo"/>
          <types:variable name="toAccountInfo" type="auto_d7167d03-6397-4ec9-8a24-15ae5256bb85_Output-Variables-toAccountInfo"/>
        </types:variables>
      </types:output-event>
    </types:processor-declaration>
  </types:enrichment>
  <types:enrichment select="#a6e70c8c-e89f-4adb-995a-4c2d40c4e68a">
    <types:processor-declaration>
      <types:input-event>
        <types:message>
          <types:payload type="auto_a6e70c8c-e89f-4adb-995a-4c2d40c4e68a_Input-Payload"/>
          <types:attributes type="auto_a6e70c8c-e89f-4adb-995a-4c2d40c4e68a_Input-Attributes"/>
        </types:message>
        <types:variables>
          <types:variable name="newName" type="auto_a6e70c8c-e89f-4adb-995a-4c2d40c4e68a_Input-Variables-newName"/>
          <types:variable name="httpStatus" type="auto_a6e70c8c-e89f-4adb-995a-4c2d40c4e68a_Input-Variables-httpStatus"/>
        </types:variables>
      </types:input-event>
      <types:output-event>
        <types:message>
          <types:payload type="auto_a6e70c8c-e89f-4adb-995a-4c2d40c4e68a_Output-Payload"/>
          <types:attributes type="auto_a6e70c8c-e89f-4adb-995a-4c2d40c4e68a_Output-Attributes"/>
        </types:message>
        <types:variables>
          <types:variable name="newName" type="auto_a6e70c8c-e89f-4adb-995a-4c2d40c4e68a_Output-Variables-newName"/>
          <types:variable name="httpStatus" type="auto_a6e70c8c-e89f-4adb-995a-4c2d40c4e68a_Output-Variables-httpStatus"/>
        </types:variables>
      </types:output-event>
    </types:processor-declaration>
  </types:enrichment>
</types:mule>