<?xml version="1.0" encoding="UTF-8"?>

<mule xmlns:ee="http://www.mulesoft.org/schema/mule/ee/core"
	xmlns:db="http://www.mulesoft.org/schema/mule/db"
	xmlns="http://www.mulesoft.org/schema/mule/core"
	xmlns:doc="http://www.mulesoft.org/schema/mule/documentation"
	xmlns:xsi="http://www.w3.org/2001/XMLSchema-instance"
	xsi:schemaLocation="http://www.mulesoft.org/schema/mule/core http://www.mulesoft.org/schema/mule/core/current/mule.xsd
http://www.mulesoft.org/schema/mule/db http://www.mulesoft.org/schema/mule/db/current/mule-db.xsd
http://www.mulesoft.org/schema/mule/ee/core http://www.mulesoft.org/schema/mule/ee/core/current/mule-ee.xsd">
	<sub-flow name="implementation-get-accounts-main"
		doc:id="83af61fe-be42-4e1f-971e-4643876c248d">
		<flow-ref doc:name="Flow Reference"
			doc:id="095dd07e-bd92-455f-be33-bae750ca2668"
			name="implementation-get-accounts" />
	</sub-flow>
	<sub-flow name="implementation-get-accounts"
		doc:id="f9e1a816-ab40-4863-b325-5e4f74bcb2d7">

		<logger level="INFO" doc:name="Logger"
			doc:id="7cba0157-c4ac-4d34-b861-d4c66bca90f5" message="#[payload]" />

		<db:select doc:name="Select" doc:id="925955b8-01ae-4527-bcfa-7603891a082c" config-ref="Database_Config">
			<db:sql ><![CDATA[SELECT * FROM mule_account LIMIT :size OFFSET :page]]></db:sql>
			<db:input-parameters ><![CDATA[#[{
	'size': vars.size,
	'page': vars.page
}]]]></db:input-parameters>
		</db:select>
		<logger level="INFO" doc:name="Logger" doc:id="2b3a180c-7f1d-40b0-b89b-61802c378598" message="#[payload]"/>
		<ee:transform doc:name="Transform Message"
			doc:id="18bd705f-a70d-4b4f-a099-08b44e2ea120">
			<ee:message>
				<ee:set-payload><![CDATA[%dw 2.0
output application/json
---
payload map (item) -> {
    "Numero da conta": item.account_number,
    "Nome": item.name		
}
]]></ee:set-payload>
			</ee:message>
		</ee:transform>
		<logger level="INFO" doc:name="Logger"
			doc:id="9523d075-3fb6-47a5-be74-ccbdc6e0dd01" message="#[payload]" />
	</sub-flow>
</mule>
