<?xml version="1.0" encoding="UTF-8"?>

<mule xmlns:ee="http://www.mulesoft.org/schema/mule/ee/core" xmlns:db="http://www.mulesoft.org/schema/mule/db"
	xmlns="http://www.mulesoft.org/schema/mule/core"
	xmlns:doc="http://www.mulesoft.org/schema/mule/documentation" xmlns:xsi="http://www.w3.org/2001/XMLSchema-instance" xsi:schemaLocation="http://www.mulesoft.org/schema/mule/core http://www.mulesoft.org/schema/mule/core/current/mule.xsd
http://www.mulesoft.org/schema/mule/db http://www.mulesoft.org/schema/mule/db/current/mule-db.xsd
http://www.mulesoft.org/schema/mule/ee/core http://www.mulesoft.org/schema/mule/ee/core/current/mule-ee.xsd">
	<sub-flow name="implementation-health-check-main" doc:id="a3a40881-4875-4438-8faa-2c0791933a3b" >
		<flow-ref doc:name="Status DB" doc:id="11d76577-377d-4708-96b1-470eee840fd0" name="implementation-health-check-db" target="statusDB"/>
		<ee:transform doc:name="Transform Message" doc:id="790750d3-1a24-4a2f-8d3a-187896e8c4bf" >
			<ee:message >
				<ee:set-payload ><![CDATA[%dw 2.0
output application/json
---
{
    api_rest: {
        nome: "API Cadastro Clientes",
        status: "OK"
    },
    banco_de_dados: {
        nome: "Postgresql",
        status: vars.statusDB
    }
}]]></ee:set-payload>
			</ee:message>
		</ee:transform>
	</sub-flow>
	<sub-flow name="implementation-health-check-db" doc:id="f8da1414-e519-4629-a4a2-9bc02e493893" >
		<try doc:name="Try" doc:id="6d507c85-2513-4939-b93d-fa720a286ddf" >
			<db:select doc:name="Select" doc:id="868d40ac-da19-435b-8c71-8f09e9a25303" config-ref="Database_Config">
			<db:sql><![CDATA[select 0]]></db:sql>
		</db:select>
			<set-payload value="OK" doc:name="Status Ok" doc:id="a590ac88-de92-4dd6-bf40-ef5b5304e1be" />
			<error-handler >
				<on-error-continue enableNotifications="true" logException="true" doc:name="On Error Continue" doc:id="d59739a8-ad2d-4cb8-86fc-eac56f04423c" >
					<set-payload value='#["NOK: " ++ error.description as String default error.errorMessage as String]' doc:name="Status Nok" doc:id="301dbbf7-8661-4e51-a37e-d461e5a0f30f" />
				</on-error-continue>
			</error-handler>
		</try>
	</sub-flow>
</mule>
